Amplicon_name	Primer_name	Left_or_right	Sequence	Position
r1_1.1.363702	r1_1.1.363702_left	left	TCCCAGGTAACAAACCAACCAACTT	17
r1_1.1.80142	r1_1.1.80142_left	left	CAAACCAACCAACTTTCGATCTCTT	27
r1_1.1.363702	r1_1.1.363702_right	right	GTCACACCCGGACGAAACCTAGATG	229
r1_1.1.876634	r1_1.1.876634_left	left	TAGGTTTCGTCCGGGTGTGACCGAA	233
r1_1.1.80142	r1_1.1.80142_right	right	TGTTTTCTCGTTGAAACCAGGGACA	276
r1_1.1.592753	r1_1.1.592753_left	left	CGAGAAAACACACGTCCAACTCAGT	291
r1_1.1.876634	r1_1.1.876634_right	right	ATGAGGTGCAGTTCGAGCATCCGAA	483
r1_1.1.409836	r1_1.1.409836_left	left	ATGCTCGAACTGCACCTCATGGTCA	488
r1_1.1.592753	r1_1.1.592753_right	right	GACCGTACTGAATGCCTTCGAGTTC	535
r1_1.1.330218	r1_1.1.330218_left	left	ATTCAGTACGGTCGTAGTGGTGAGA	547
r1_1.1.409836	r1_1.1.409836_right	right	AGGATCAGTGCCAAGCTCGTCGCCT	699
r1_1.1.698273	r1_1.1.698273_left	left	AGCTTGGCACTGATCCTTATGAAGA	707
r1_1.1.330218	r1_1.1.330218_right	right	TAGCGAGTGTATGCCCCTCCGTTAA	794
r1_1.2.1238102	r1_1.2.1238102_left	left	CGCTATGTCGATAACAACTTCTGTG	814
r1_1.1.698273	r1_1.1.698273_right	right	AAGCAATTTCATGCTCATGTTCACG	958
r1_1.2.48265	r1_1.2.48265_left	left	ATGAAATTGCTTGGTACACGGAACG	971
r1_1.2.1238102	r1_1.2.1238102_right	right	CAAAATTTGGACATTCCCCATTGAA	1060
r1_1.2.1223038	r1_1.2.1223038_left	left	ATAATCAAGACTATTCAACCAAGGG	1102
r1_1.2.48265	r1_1.2.48265_right	right	TGAAAGGCACATTTGGTTGCATTCA	1194
r1_1.2.1317379	r1_1.2.1317379_left	left	TGCCTTTCAACTCTCATGAAGTGTG	1210
r1_1.2.1223038	r1_1.2.1223038_right	right	AAGTAGTGGCACCTTCTTTAGTCAA	1309
r1_1.2.203434	r1_1.2.203434_left	left	ACTTGTGGTTACTTACCCCAAAATG	1330
r1_1.2.1317379	r1_1.2.1317379_right	right	AAGCCAGATTCATTATGGTATTCGG	1418
r1_1.2.674295	r1_1.2.674295_left	left	ATCTGGCTTGAAAACCATTCTTCGT	1434
r1_1.2.203434	r1_1.2.203434_right	right	GGAACCTTCTCCAACAACACCTGTA	1569
r1_1.2.760850	r1_1.2.760850_left	left	AAGGTTCCGAAGGTCTTAATGACAA	1586
r1_1.2.674295	r1_1.2.674295_right	right	AAGATGCCAAAATAATGGCGATCTC	1678
r1_1.2.843599	r1_1.2.843599_left	left	GCATCTTTTTCTGCTTCCACAAGTG	1696
r1_1.2.760850	r1_1.2.760850_right	right	ACTCAGTATTGATTTCTGTTCACCA	1833
r1_1.3.718077	r1_1.3.718077_left	left	GAGTCCTCTTTATGCATTTGCATCA	1854
r1_1.2.843599	r1_1.2.843599_right	right	GCAGTTTCAAGAGTGCGGGAGAAAA	1904
r1_1.3.795369	r1_1.3.795369_left	left	TGAAACTGCTCAAAATTCTGTGCGT	1920
r1_1.3.718077	r1_1.3.718077_right	right	CAAAGATGTTAGTTAGCCACTGCGA	2092
r1_1.3.211095	r1_1.3.211095_left	left	TCTTTGGCACTGTTTATGAAAAACT	2111
r1_1.3.795369	r1_1.3.795369_right	right	ACTCTACACCTTCCTTAAACTTCTC	2161
r1_1.3.868087	r1_1.3.868087_left	left	AGAGTTTCTTAGAGACGGTTGGGAA	2181
r1_1.3.211095	r1_1.3.211095_right	right	TTCAAGGCTTTAAGTTTAGCTCCAC	2351
r1_1.3.760885	r1_1.3.760885_left	left	GAATTTAGGTGAAACATTTGTCACG	2373
r1_1.3.868087	r1_1.3.868087_right	right	CCAGTTTCTTCTCTGGATTTAACAC	2423
r1_1.3.27562	r1_1.3.27562_left	left	AGAAACTGGCCTACTCATGCCTCTA	2439
r1_1.3.760885	r1_1.3.760885_right	right	TTCGAGCAACATAAGCCCGTTAATA	2616
r1_1.3.942939	r1_1.3.942939_left	left	CGAAATCAAAGACACAGAAAAGTAC	2637
r1_1.3.27562	r1_1.3.27562_right	right	GTTACCATCATATTAGGTGCAAGGG	2666
r1_1.3.1425694	r1_1.3.1425694_left	left	GTAACAAACAATACCTTCACACTCA	2686
r1_1.3.942939	r1_1.3.942939_right	right	TTACTTCTGTACCGAGTTCAACTGT	2845
r1_1.4.349942	r1_1.4.349942_left	left	AAGTAAATGAGTTCGCCTGTGTTGT	2864
r1_1.3.1425694	r1_1.3.1425694_right	right	AATGCCCAGTGGTGTAAGTAATTCA	2925
r1_1.4.711815	r1_1.4.711815_left	left	CTGGGCATTGATTTAGATGAGTGGA	2941
r1_1.4.349942	r1_1.4.349942_right	right	ATCACCTTCTTCTTCATCCTCATCT	3045
r1_1.4.1074728	r1_1.4.1074728_left	left	GATTGTGAAGAAGAAGAGTTTGAGC	3067
r1_1.4.711815	r1_1.4.711815_right	right	ATCTAACCAATCTTCTTCTTGCTCT	3183
r1_1.4.295991	r1_1.4.295991_left	left	TGATGATAGTCAACAAACTGTTGGT	3207
r1_1.4.1074728	r1_1.4.1074728_right	right	TGGTGTAAGTTCCATCTCTAATTGA	3294
r1_1.4.541570	r1_1.4.541570_left	left	CAGTTGTTCAGACTATTGAAGTGAA	3317
r1_1.4.295991	r1_1.4.295991_right	right	AACACCTCCTCCATGTTTAAGGTAA	3453
r1_1.4.827492	r1_1.4.827492_left	left	GAGGTGTTGCAGGAGCCTTAAATAA	3470
r1_1.4.541570	r1_1.4.541570_right	right	TAAAACACAACTACCACCCACTTTA	3555
r1_1.4.1477602	r1_1.4.1477602_left	left	TAAGCGGACACAATCTTGCTAAACA	3578
r1_1.4.827492	r1_1.4.827492_right	right	CCAAAAATACCAGCTGATAATAATG	3704
r1_1.5.1438148	r1_1.5.1438148_left	left	TTGGTGCTGACCCTATACATTCTTT	3725
r1_1.4.1477602	r1_1.4.1477602_right	right	CTCTTCATTTCCAAAAAGCTTGAAA	3824
r1_1.5.75163	r1_1.5.75163_left	left	AAAAGATCGCTGAGATTCCTAAAGA	3866
r1_1.5.1438148	r1_1.5.1438148_right	right	TTCCAGAGTTGTTGTAACTTCTTCA	3972
r1_1.5.1289446	r1_1.5.1289446_left	left	GAAGAAACTAAGTTCCTCACAGAAA	3994
r1_1.5.75163	r1_1.5.75163_right	right	AACATCACCCACTATATATGGAGCA	4110
r1_1.5.1160650	r1_1.5.1160650_left	left	TCAAGAGGGTGTTTTAACTGCTGTG	4137
r1_1.5.1289446	r1_1.5.1289446_right	right	ACCCTGACCCGGGTAAGTGGTTATA	4239
r1_1.5.937589	r1_1.5.937589_left	left	CGGGTCAGGGTTTAAATGGTTACAC	4253
r1_1.5.1160650	r1_1.5.1160650_right	right	CTTCTGCATGTGCAAGCATTTCTCG	4390
r1_1.5.550596	r1_1.5.550596_left	left	AGAAGAAACACGCAAATTAATGCCT	4410
r1_1.5.937589	r1_1.5.937589_right	right	CACACCCTCTTGTATTTTAATACCC	4485
r1_1.5.964995	r1_1.5.964995_left	left	GGGTGTGGTTGATTATGGTGCTAGA	4503
r1_1.5.550596	r1_1.5.550596_right	right	AGAGATCTCATATACCGAGCAGCTT	4646
r1_1.5.829770	r1_1.5.829770_left	left	AGATCTCTCAAAGTGCCAGCTACAG	4663
r1_1.5.964995	r1_1.5.964995_right	right	TTCAATAAAATGTTCTTCAGGTGTT	4749
r1_1.6.398377	r1_1.6.398377_left	left	TCACTTGCTGGTTCCTATAAAGATT	4780
r1_1.5.829770	r1_1.5.829770_right	right	GTGGAATGTGGTAGGATTACTAGTG	4875
r1_1.6.1402513	r1_1.6.1402513_left	left	TCCACCTAGATGGTGAAGTTATCAC	4895
r1_1.6.398377	r1_1.6.398377_right	right	GGACCAAACTGTTGTCCATATGTCA	5027
r1_1.6.986997	r1_1.6.986997_left	left	TCCAACTTATTTGGATGGAGCTGAT	5049
r1_1.6.1402513	r1_1.6.1402513_right	right	TCAACACGTAGAGTGTCATCATTAG	5129
r1_1.6.1348088	r1_1.6.1348088_left	left	GTGTTGAGGCTTTTGAGTACTACCA	5147
r1_1.6.986997	r1_1.6.986997_right	right	CAATGCAGTGGCAAGATAACAGTTG	5280
r1_1.6.704567	r1_1.6.704567_left	left	CATTGTTAACACTCCAACAAATAGA	5300
r1_1.6.1348088	r1_1.6.1348088_right	right	AGTAGGCTAAGATAAGTGCACAAAA	5392
r1_1.6.1074586	r1_1.6.1074586_left	left	GACAGTAGGTGAGTTAGGTGATGTT	5424
r1_1.6.704567	r1_1.6.704567_right	right	AACAGCTTCTACACCCTTAAGGGTT	5544
r1_1.6.888565	r1_1.6.888565_left	left	AGCTGTTATGTACATGGGCACACTT	5562
r1_1.6.1074586	r1_1.6.1074586_right	right	TGGTGCTGACATCATAACAAAAGGT	5670
r1_1.6.611150	r1_1.6.611150_left	left	CCACCTGCTCAGTATGAACTTAAGC	5692
r1_1.6.888565	r1_1.6.888565_right	right	GAGGACTTTGTAAGTAAAGCACCGT	5810
r1_1.7.768310	r1_1.7.768310_left	left	CTCAGAATACAAAGGTCCTATTACG	5832
r1_1.6.611150	r1_1.6.611150_right	right	TGTCCAACTTAGGGTCAATTTCTGT	5932
r1_1.7.1089264	r1_1.7.1089264_left	left	ATCTTGTACCAAACCAACCATATCC	6002
r1_1.7.768310	r1_1.7.768310_right	right	TTAACTGGTTTAAATCATCAGCAAA	6073
r1_1.7.82385	r1_1.7.82385_left	left	TGGTTATAAGAAACCTGCTTCAAGA	6099
r1_1.7.1089264	r1_1.7.1089264_right	right	ACGTGGCTTTATTAGTTGCATTGTT	6247
r1_1.7.488632	r1_1.7.488632_left	left	ACGTATAAACCAAATACCTGGTGTA	6268
r1_1.7.82385	r1_1.7.82385_right	right	GCGTCCTCTGACTTCAGTACATCAA	6338
r1_1.7.210875	r1_1.7.210875_left	left	GAGGACGCGCAGGGAATGGATAATC	6355
r1_1.7.488632	r1_1.7.488632_right	right	CCAACCTCTTCTGTAATTTTTAAAC	6512
r1_1.7.424978	r1_1.7.424978_left	left	ACAGATCTAATGGCTGCTTATGTAG	6541
r1_1.7.210875	r1_1.7.210875_right	right	CAAGGGTTTTCAAACCTAATACTCT	6607
r1_1.7.507443	r1_1.7.507443_left	left	ACCCTTGCTACTCATGGTTTAGCTG	6625
r1_1.7.424978	r1_1.7.424978_right	right	CGGTTTAAACACCGTGTAACTATGT	6728
r1_1.8.592180	r1_1.8.592180_left	left	TCTTTACTTTATTGCTACAATTGTG	6779
r1_1.7.507443	r1_1.7.507443_right	right	TAGTCGGCATAGATGCTTTAATTCT	6829
r1_1.8.440758	r1_1.8.440758_left	left	AGCAAAGAATACTGTTAAGAGTGTC	6858
r1_1.8.592180	r1_1.8.592180_right	right	CATGCCTAAATTAGACATTAAAACA	7017
r1_1.8.577570	r1_1.8.577570_left	left	GCATGCCTTCTTACTGTACTGGTTA	7037
r1_1.8.440758	r1_1.8.440758_right	right	GTATAGAACCAGTACAGTAGGTTGC	7099
r1_1.8.816048	r1_1.8.816048_left	left	CTTGTAGTGTTTGTCTTAGTGGTTT	7124
r1_1.8.577570	r1_1.8.577570_right	right	TGCATGATTGCAGCCAATCCAAGTA	7283
r1_1.8.571466	r1_1.8.571466_left	left	AATTGTTTTTCAGCTATTTTGCAGT	7307
r1_1.8.816048	r1_1.8.816048_right	right	TTTGTACAAGATTAATTATTAACCA	7360
r1_1.8.889898	r1_1.8.889898_left	left	TATGGTTAGAATGTACATCTTCTTT	7401
r1_1.8.571466	r1_1.8.571466_right	right	ATAGACATAAAAGGACCTTCTAACA	7551
r1_1.8.917351	r1_1.8.917351_left	left	ATGCTAATGGAGGTAAAGGCTTTTG	7574
r1_1.8.889898	r1_1.8.889898_right	right	ATCACTAATAAATGTACTACCAGCA	7641
r1_1.8.546560	r1_1.8.546560_left	left	TGATGAAGTTGCGAGAGACTTGTCA	7662
r1_1.8.917351	r1_1.8.917351_right	right	AAGTAAAGATGGATGGAACCATTCT	7754
r1_1.9.115540	r1_1.9.115540_left	left	CTGGTCAAAAGACTTATGAAAGACA	7787
r1_1.8.546560	r1_1.8.546560_right	right	AGACGCTGATTTTGCAGATGATTCT	7914
r1_1.9.1155524	r1_1.9.1155524_left	left	ATCAGCGTCTGTTTACTACAGTCAG	7929
r1_1.9.115540	r1_1.9.115540_right	right	TAAGCATCAAACATTTTAACTGCAA	8021
r1_1.9.225893	r1_1.9.225893_left	left	GTACCAATGGAAAAACTCAAAACAC	8074
r1_1.9.1155524	r1_1.9.1155524_right	right	TTGCCGAGCTGCTGAAATAAAAGTA	8157
r1_1.9.878128	r1_1.9.878128_left	left	GCAAGGGTTTGTTGATTCAGATGTA	8178
r1_1.9.225893	r1_1.9.225893_right	right	TACAGTCAATACAAGCACCAAGGTC	8323
r1_1.9.1418747	r1_1.9.1418747_left	left	TTGACTGTAGTGCGCGTCATATTAA	8339
r1_1.9.878128	r1_1.9.878128_right	right	TTTCGTAGTTGTTCAGACAATGACA	8420
r1_1.9.603390	r1_1.9.603390_left	left	ACGAAAACAAATACGTAGTGCTGCT	8439
r1_1.9.1418747	r1_1.9.1418747_right	right	ACTTGTCTAGTAGTTGCACATGTCA	8489
r1_1.9.1307513	r1_1.9.1307513_left	left	AACAACAAAGATAGCACTTAAGGGT	8526
r1_1.9.603390	r1_1.9.603390_right	right	TGACACCACCATCAATAGCCTTGTA	8689
r1_1.9.979743	r1_1.9.979743_left	left	GTGTCACTCGTGACATAGCATCTAC	8708
r1_1.9.1307513	r1_1.9.1307513_right	right	CTGGCTAAACCATGTGTCAAAATCA	8760
r1_1.10.1203357	r1_1.10.1203357_left	left	TTTAGCCAGCGTGGTGGTAGTTATA	8776
r1_1.9.979743	r1_1.9.979743_right	right	ATTAGTTGTGCGTAATATCGTGCCA	8874
r1_1.10.656311	r1_1.10.656311_left	left	CACAACTAATGGTGACTTTTTGCAT	8889
r1_1.10.1203357	r1_1.10.1203357_right	right	AAATTGTACATTCAGCAGCCAAAAC	9004
r1_1.10.1313109	r1_1.10.1313109_left	left	TAAAGATGCTTCTGGTAAGCCAGTA	9030
r1_1.10.656311	r1_1.10.656311_right	right	AATTGAATAATAGAGCCATCCATGA	9131
r1_1.10.67083	r1_1.10.67083_left	left	TTTCCTAACACCTACCTTGAAGGTT	9154
r1_1.10.1313109	r1_1.10.1313109_right	right	GTGCCTACAGTACTCAGAATCAAAA	9198
r1_1.10.577417	r1_1.10.577417_left	left	CTTGTGAAAGATCAGAAGCTGGTGT	9227
r1_1.10.67083	r1_1.10.67083_right	right	ACCAGCTACTATAGATGCTGATATG	9390
r1_1.10.711902	r1_1.10.711902_left	left	TAGCTGGTGGTATTGTAGCTATCGT	9407
r1_1.10.577417	r1_1.10.577417_right	right	GCAACTACATGACTGTATTCACCAA	9476
r1_1.10.1150558	r1_1.10.1150558_left	left	ACTCTGTTTAACACCAGTTTACTCA	9537
r1_1.10.711902	r1_1.10.711902_right	right	AAGGTGTGAACATAACCATCCACTG	9643
r1_1.10.1004139	r1_1.10.1004139_left	left	CACCTTTAGTACCTTTCTGGATAAC	9662
r1_1.10.1150558	r1_1.10.1150558_right	right	CAGCGCAGCTTCTTCAAAAGTACTA	9780
r1_1.11.376074	r1_1.11.376074_left	left	TATCTAAAGTTGCGTAGTGATGTGC	9832
r1_1.10.1004139	r1_1.10.1004139_right	right	TCCATTGCTCCACTAAAATACTTGT	9905
r1_1.11.1329692	r1_1.11.1329692_left	left	GATACAACTAGCTACAGAGAAGCTG	9928
r1_1.11.376074	r1_1.11.376074_right	right	CTCAACTTTACCAGATGGGAATGCC	10071
r1_1.11.13382	r1_1.11.13382_left	left	GTTGAGGGTTGTATGGTACAAGTAA	10090
r1_1.11.1329692	r1_1.11.1329692_right	right	ATGTCTTGGACAGTAAACTACGTCA	10152
r1_1.11.427711	r1_1.11.427711_left	left	CCAAGACATGTGATCTGCACCTCTG	10168
r1_1.11.13382	r1_1.11.13382_right	right	ACTTAGGTGTCTTAGGATTGGCTGT	10330
r1_1.11.73125	r1_1.11.73125_left	left	TATAAGTTTGTTCGCATTCAACCAG	10354
r1_1.11.427711	r1_1.11.427711_right	right	CACATTGGTAAACACCAGATGGTGA	10414
r1_1.11.528369	r1_1.11.528369_left	left	TTACCAATGTGCTATGAGGCCCAAT	10428
r1_1.11.73125	r1_1.11.73125_right	right	TGCTGTTTGCCTGTCAACAAAAGGT	10602
r1_1.11.475554	r1_1.11.475554_left	left	CAGCTGGTACGGACACAACTATTAC	10631
r1_1.11.528369	r1_1.11.528369_right	right	CTGTCTCCATTTATAACAGCAGCGT	10679
r1_1.11.868914	r1_1.11.868914_left	left	ATGGAGACAGGTGGTTTCTCAATCG	10694
r1_1.11.475554	r1_1.11.475554_right	right	GGTACGTCCATTCATACCATTTTGC	10869
r1_1.12.680110	r1_1.12.680110_left	left	GTACCATATTGGGTAGTGCTTTATT	10889
r1_1.11.868914	r1_1.11.868914_right	right	TTGGAAAGTAACACCTGAGCATTGT	10947
r1_1.12.1126179	r1_1.12.1126179_left	left	CCAAAGTGCAGTGAAAAGAACAATC	10968
r1_1.12.680110	r1_1.12.680110_right	right	CAGACATAGCAATAATACCCATAGC	11107
r1_1.12.896470	r1_1.12.896470_left	left	TCTGCTTTTGCAATGATGTTTGTCA	11128
r1_1.12.1126179	r1_1.12.1126179_right	right	CCCAACTAGCAGGCATATAGACCAT	11218
r1_1.12.539895	r1_1.12.539895_left	left	TAGTTGGGTGATGCGTATTATGACA	11235
r1_1.12.896470	r1_1.12.896470_right	right	ACACTCTCCTAGCACCATCATCATA	11365
r1_1.12.253973	r1_1.12.253973_left	left	GTGTGGACACTTATGAATGTCTTGA	11386
r1_1.12.539895	r1_1.12.539895_right	right	CCTGAGTAGTTAGAAGTAACAGAGA	11477
r1_1.12.1117806	r1_1.12.1117806_left	left	CAGGTGTAGTTACAACTGTCATGTT	11498
r1_1.12.253973	r1_1.12.253973_right	right	CAAAAGAGGCCAAAGTAACAAGTAC	11633
r1_1.12.153767	r1_1.12.153767_left	left	TACTCAACCGCTACTTTAGACTGAC	11660
r1_1.12.1117806	r1_1.12.1117806_right	right	TGGGAGTAGTCCCTGTGAATTCATA	11730
r1_1.13.246636	r1_1.13.246636_left	left	TACTCCCACCCAAGAATAGCATAGA	11747
r1_1.12.153767	r1_1.12.153767_right	right	GAGCCCACAATTTAGATGATGATTC	11908
r1_1.13.1058977	r1_1.13.1058977_left	left	GGGCTCAATGTGTCCAGTTACACAA	11927
r1_1.13.246636	r1_1.13.246636_right	right	AGCAAAACAGAAAGTAGTGAAACCA	11996
r1_1.13.441132	r1_1.13.441132_left	left	CATGCAGGGTGCTGTAGACATAAAC	12024
r1_1.13.1058977	r1_1.13.1058977_right	right	ACAACTTCAGAATCACCATTAGCAA	12167
r1_1.13.113958	r1_1.13.113958_left	left	TTGAAGAAGTCTTTGAATGTGGCTA	12202
r1_1.13.441132	r1_1.13.441132_right	right	GATCAGCCATCTTTTCCAACTTACG	12259
r1_1.13.1063824	r1_1.13.1063824_left	left	TGGCTGATCAAGCTATGACCCAAAT	12275
r1_1.13.113958	r1_1.13.113958_right	right	TTGGCTGCTGTTGTAAGAGGTATTA	12446
r1_1.13.309544	r1_1.13.309544_left	left	GCCAAACTAATGGTTGTCATACCAG	12466
r1_1.13.1063824	r1_1.13.1063824_right	right	TGATGCATAAGTAAATGTTGTACCA	12519
r1_1.13.620498	r1_1.13.620498_left	left	GCATCAGCATTGTGGGAAATCCAAC	12538
r1_1.13.309544	r1_1.13.309544_right	right	CCGGCAGCACAAGACATCTGTCGTA	12710
r1_1.14.644822	r1_1.14.644822_left	left	GCTTGCACTGATGACAATGCGTTAG	12748
r1_1.13.620498	r1_1.13.620498_right	right	GTGCAAGTACAAACCTACCTCCCTT	12790
r1_1.14.645992	r1_1.14.645992_left	left	TTGCACTGTTATCCGATTTACAGGA	12809
r1_1.14.644822	r1_1.14.644822_right	right	TGTAGACGTACTGTGGCAGCTAAAC	12998
r1_1.14.1033969	r1_1.14.1033969_left	left	TACGTCTACAAGCTGGTAATGCAAC	13013
r1_1.14.645992	r1_1.14.645992_right	right	AAGCACAGAAAGATAATACAGTTGA	13054
r1_1.14.1180964	r1_1.14.1180964_left	left	TGCTGTAGATGCTGCTAAAGCTTAC	13080
r1_1.14.1033969	r1_1.14.1033969_right	right	CGGCAGTACAGACAACACGATGCAC	13232
r1_1.14.1300871	r1_1.14.1300871_left	left	CCACATAGATCATCCAAATCCTAAA	13260
r1_1.14.1180964	r1_1.14.1180964_right	right	CAGGGTCATTAGCACAAGTTGTAGG	13321
r1_1.14.1350355	r1_1.14.1350355_left	left	TTTTTAAACGGGTTTGCGGTGTAAG	13459
r1_1.14.1300871	r1_1.14.1300871_right	right	ATACGACATCAGTACTAGTGCCTGT	13509
r1_1.14.710429	r1_1.14.710429_left	left	GATGTCGTATACAGGGCTTTTGACA	13524
r1_1.14.1350355	r1_1.14.1350355_right	right	GCAACAGCTGGACAATCCTTAAGTA	13705
r1_1.14.786182	r1_1.14.786182_left	left	TTGCTAAACATGACTTCTTTAAGTT	13726
r1_1.14.710429	r1_1.14.710429_right	right	AAGACGTTGACGTGATATATGTGGT	13772
r1_1.15.645156	r1_1.15.645156_left	left	CTTACTAAATACACAATGGCAGACC	13794
r1_1.14.786182	r1_1.14.786182_right	right	GGCGTACACGTTCACCTAAGTTGGC	13965
r1_1.15.214861	r1_1.15.214861_left	left	TGAACGTGTACGCCAAGCTTTGTTA	13976
r1_1.15.645156	r1_1.15.645156_right	right	TAATGTCAGTACACCAACAATACCA	14036
r1_1.15.382294	r1_1.15.382294_left	left	TCAATGGTAACTGGTATGATTTCGG	14074
r1_1.15.214861	r1_1.15.214861_right	right	GGCTTTGTTAAGTCAGTGTCAACAT	14206
r1_1.15.464755	r1_1.15.464755_left	left	AGCCTTACATTAAGTGGGATTTGTT	14227
r1_1.15.382294	r1_1.15.382294_right	right	AACAGTTAACACAATTTGGGTGGTA	14319
r1_1.15.1421280	r1_1.15.1421280_left	left	TTATTCTCTACAGTGTTCCCACCTA	14385
r1_1.15.464755	r1_1.15.464755_right	right	CACCTAGCTCTCTGAAGTGGTATCC	14472
r1_1.15.301591	r1_1.15.301591_left	left	CTAGGTGTTGTACATAATCAGGATG	14490
r1_1.15.1421280	r1_1.15.1421280_right	right	CAGGGTCAGCAGCATACACAAGTAA	14550
r1_1.15.917374	r1_1.15.917374_left	left	CTTTTCAGTAGCTGCACTTACTAAC	14624
r1_1.15.301591	r1_1.15.301591_right	right	TTTAATTCAACAGAACTTCCTTCCT	14728
r1_1.16.154530	r1_1.16.154530_left	left	AACACTTCTTCTTTGCTCAGGATGG	14752
r1_1.15.917374	r1_1.15.917374_right	right	CAGCCACCATCGTAACAATCAAAGT	14875
r1_1.16.401810	r1_1.16.401810_left	left	GGTGGCTGTATTAATGCTAACCAAG	14892
r1_1.16.154530	r1_1.16.154530_right	right	ATATGCGAAAAGTGCATCTTGATCC	15005
r1_1.16.1460073	r1_1.16.1460073_left	left	GCATATACAAAACGTAATGTCATCC	15024
r1_1.16.401810	r1_1.16.401810_right	right	ACCAGCTACGGTGCGAGCTCTATTC	15092
r1_1.16.634891	r1_1.16.634891_left	left	GTAGCTGGTGTCTCTATCTGTAGTA	15108
r1_1.16.1460073	r1_1.16.1460073_right	right	AACCCATAAGGTGAGGGTTTTCTAC	15264
r1_1.16.393748	r1_1.16.393748_left	left	TGGGTTGGGATTATCCTAAATGTGA	15283
r1_1.16.634891	r1_1.16.634891_right	right	CGTTGTATGTTTGCGAGCAAGAACA	15347
r1_1.16.534874	r1_1.16.534874_left	left	ACATACAACGTGTTGTAGCTTGTCA	15362
r1_1.16.393748	r1_1.16.393748_right	right	GGCCGTGACAGCTTGACAAATGTTA	15521
r1_1.16.1212393	r1_1.16.1212393_left	left	CTGTCACGGCCAATGTTAATGCACT	15535
r1_1.16.534874	r1_1.16.534874_right	right	AATTGCGGACATACTTATCGGCAAT	15582
r1_1.16.1001247	r1_1.16.1001247_left	left	CGCAATTTACAACACAGACTTTATG	15600
r1_1.16.1212393	r1_1.16.1212393_right	right	CTAGACCTTGAGATGCATAAGTGCT	15741
r1_1.17.437100	r1_1.17.437100_left	left	CAAGGTCTAGTGGCTAGCATAAAGA	15756
r1_1.16.1001247	r1_1.16.1001247_right	right	ATGAGGTCCTTTAGTAAGGTCAGTC	15845
r1_1.17.167020	r1_1.17.167020_left	left	TCATGAATTTTGCTCTCAACATACA	15866
r1_1.17.437100	r1_1.17.437100_right	right	AAGACACGAACCGTTCAATCATAAG	15999
r1_1.17.985305	r1_1.17.985305_left	left	GTCTTTAGCTATAGATGCTTACCCA	16019
r1_1.17.167020	r1_1.17.167020_right	right	CAAATGAAAGACATCAGCATACTCC	16064
r1_1.17.59033	r1_1.17.59033_left	left	AAAGCTACATGATGAGTTAACAGGA	16106
r1_1.17.985305	r1_1.17.985305_right	right	AAGCACCACATCTTAATGAAGTCTG	16266
r1_1.17.908303	r1_1.17.908303_left	left	ATGTGGTGCTTGCATACGTAGACCA	16280
r1_1.17.59033	r1_1.17.59033_right	right	GTCGTAACAGCATTTACAACATAAG	16307
r1_1.17.179508	r1_1.17.179508_left	left	ACCATGTCATATCAACATCACATAA	16330
r1_1.17.908303	r1_1.17.908303_right	right	AGCACACAATGGAAAACTAATGGGT	16466
r1_1.17.1330160	r1_1.17.1330160_left	left	TGTGTGCTAATGGACAAGTTTTTGG	16483
r1_1.17.179508	r1_1.17.179508_right	right	TGTAATCACCAGCATTTGTCCAGTC	16572
r1_1.17.1475704	r1_1.17.1475704_left	left	TAGCTAACACCTGTACTGAAAGACT	16600
r1_1.17.1330160	r1_1.17.1330160_right	right	TGGTCTAGGTTTACCAACTTCCCAT	16733
r1_1.18.626357	r1_1.18.626357_left	left	AACCTAGACCACCACTTAACCGAAA	16747
r1_1.17.1475704	r1_1.17.1475704_right	right	ACAGCATCACCATAGTCACCTTTTT	16837
r1_1.18.844898	r1_1.18.844898_left	left	GATGCTGTTGTTTACCGAGGTACAA	16854
r1_1.18.626357	r1_1.18.626357_right	right	TCATCTGAGATATTGAGTGTTGGGT	16993
r1_1.18.526704	r1_1.18.526704_left	left	ATGAGTTTTCTAGCAATGTTGCAAA	17014
r1_1.18.844898	r1_1.18.844898_right	right	CCAATAGCAAAATGACTCTTACCAG	17092
r1_1.18.690305	r1_1.18.690305_left	left	CTATTGGCCTAGCTCTCTACTACCC	17110
r1_1.18.526704	r1_1.18.526704_right	right	GAGCACGTGCAGGTATAATTCTACT	17226
r1_1.18.497449	r1_1.18.497449_left	left	CTGCACGTGCTCGTGTAGAGTGTTT	17239
r1_1.18.690305	r1_1.18.690305_right	right	GACAACTATATCTGCTGTCGTCTCA	17327
r1_1.18.1038608	r1_1.18.1038608_left	left	TTTGATGAAATTTCAATGGCCACAA	17352
r1_1.18.497449	r1_1.18.497449_right	right	CCCTTAGTTAGCAATGTGCGTGGTG	17455
r1_1.18.1119721	r1_1.18.1119721_left	left	TAACTAAGGGCACACTAGAACCAGA	17470
r1_1.18.1038608	r1_1.18.1038608_right	right	CATAAACCAAAGCACTCACAGTGTC	17583
r1_1.18.18784	r1_1.18.18784_left	left	GCACATAAAGACAAATCAGCTCAAT	17622
r1_1.18.1119721	r1_1.18.1119721_right	right	TAAGGAATTCTCTTACCACGCCTAT	17712
r1_1.19.1526676	r1_1.19.1526676_left	left	AATTCCTTACACGTAACCCTGCTTG	17728
r1_1.18.18784	r1_1.18.18784_right	right	TCAGTGGTTTGAGTGAATATGACAT	17863
r1_1.19.265387	r1_1.19.265387_left	left	GAAACAGCTCACTCTTGTAATGTAA	17886
r1_1.19.1526676	r1_1.19.1526676_right	right	TGTAAATTGCAACTTGTCATAAAGG	17975
r1_1.19.505985	r1_1.19.505985_left	left	AGTCTTGAAATTCCACGTAGGAATG	18000
r1_1.19.265387	r1_1.19.265387_right	right	TTTAGTGTCAACACTGAGGTGTGTA	18110
r1_1.19.16612	r1_1.19.16612_left	left	CTGAAGGTTTATGTGTTGACATACC	18142
r1_1.19.505985	r1_1.19.505985_right	right	CTTCGCGGGTGATAAACATGTTAGG	18246
r1_1.19.647510	r1_1.19.647510_left	left	CCGCGAAGAAGCTATAAGACATGTA	18263
r1_1.19.16612	r1_1.19.16612_right	right	AACATAACCTGTAGGTACAGCAACT	18389
r1_1.19.574748	r1_1.19.574748_left	left	ATTTTTCCAGAGTTAGTGCTAAACC	18433
r1_1.19.647510	r1_1.19.647510_right	right	AGGAAGTCCTTTGTACATAAGTGGT	18488
r1_1.19.283459	r1_1.19.283459_left	left	AGGACTTCCTTGGAATGTAGTGCGT	18503
r1_1.19.574748	r1_1.19.574748_right	right	TGGAAAAGCATGTGGCACGTCTATC	18669
r1_1.19.1258435	r1_1.19.1258435_left	left	ATGCCTGTTGGCATCATTCTATTGG	18709
r1_1.19.283459	r1_1.19.283459_right	right	GTTGAACATCAATCATAAACGGATT	18750
r1_1.20.874613	r1_1.20.874613_left	left	GGTTTTACAGGTAACCTACAAAGCA	18780
r1_1.19.1258435	r1_1.19.1258435_right	right	TCAACACGCTTAACAAAGCACTCGT	18886
r1_1.20.64915	r1_1.20.64915_left	left	GCGTGTTGACTGGACTATTGAATAT	18902
r1_1.20.874613	r1_1.20.874613_right	right	TGTCGTGAAGAACTGGGAATTTGTC	19008
r1_1.20.1122238	r1_1.20.1122238_left	left	TTCACGACATTGGTAACCCTAAAGC	19024
r1_1.20.64915	r1_1.20.64915_right	right	TGAATTTGTCAGAATGTGTGGCATA	19146
r1_1.20.102922	r1_1.20.102922_left	left	TCACAGATGGTGTATGCCTATTTTG	19168
r1_1.20.1122238	r1_1.20.1122238_right	right	CACCATCACAACCAGGCAAGTTAAG	19263
r1_1.20.1321768	r1_1.20.1321768_left	left	TGTGATGGTGGCAGTTTGTATGTAA	19278
r1_1.20.102922	r1_1.20.102922_right	right	CTGACACTACTTGTTTTCCATGAGA	19398
r1_1.20.248649	r1_1.20.248649_left	left	TTATGTACCACTAAAGTCTGCTACG	19430
r1_1.20.1321768	r1_1.20.1321768_right	right	AGCTGAGATCATCATGTTATAAGCA	19526
r1_1.20.840238	r1_1.20.840238_left	left	TTTAGCTTGTGGGTTTACAAACAAT	19554
r1_1.20.248649	r1_1.20.248649_right	right	GATAGAAACTGGTACTTCACCCTGT	19673
r1_1.20.35460	r1_1.20.35460_left	left	ACTGTTTACACAAAAGTTGATGGTG	19707
r1_1.20.840238	r1_1.20.840238_right	right	ACCTCTGGTACTGGTTTAATGTTGC	19801
r1_1.21.493770	r1_1.21.493770_left	left	AGGTGAAAATACTCAATAATTTGGG	19822
r1_1.20.35460	r1_1.20.35460_right	right	ACAGTGAGTGGTGCACAAATCGTTT	19957
r1_1.21.1261696	r1_1.21.1261696_left	left	TTGATGGTAGAGTTGATGGTCAAGT	19987
r1_1.21.493770	r1_1.21.493770_right	right	TTGGGACCTACAGATGGTTGTAAAC	20068
r1_1.21.1013575	r1_1.21.1013575_left	left	TCCCAAACAAGCTAGTCTTAATGGA	20087
r1_1.21.1261696	r1_1.21.1261696_right	right	ATCAATTTCCATTTGACTCCTGGGT	20231
r1_1.21.259925	r1_1.21.259925_left	left	TATGGATGAATTCATTGAACGGTAT	20270
r1_1.21.1013575	r1_1.21.1013575_right	right	CCTAACTGACTATGACTAAAATCTC	20332
r1_1.21.272458	r1_1.21.272458_left	left	GGTGGTTTACATCTACTGATTGGAC	20355
r1_1.21.259925	r1_1.21.259925_right	right	TGAACCTGTTTGCGCATCTGTTATG	20456
r1_1.21.150746	r1_1.21.150746_left	left	CAGGTTCATCTAAGTGTGTGTGTTC	20473
r1_1.21.272458	r1_1.21.272458_right	right	GGCCATCTTTACACCAAAGCATAAA	20604
r1_1.21.1100292	r1_1.21.1100292_left	left	TGGCCATGTAGAAACATTTTACCCA	20624
r1_1.21.150746	r1_1.21.150746_right	right	ATTTTGTAAAGATTAGGCATAGCAA	20683
r1_1.22.467885	r1_1.22.467885_left	left	TCAAAATTATGGTGATAGTGCAACA	20738
r1_1.21.1100292	r1_1.21.1100292_right	right	CCTGGTGCAACTCCTTTATCAGAAC	20875
r1_1.22.1003006	r1_1.22.1003006_left	left	TTGCACCAGGTACAGCTGTTTTAAG	20890
r1_1.22.467885	r1_1.22.467885_right	right	AGTTGCACAATCACCAATCAAAGTT	20984
r1_1.22.648712	r1_1.22.648712_left	left	ACTGTACATACAGCTAATAAATGGG	21006
r1_1.22.1003006	r1_1.22.1003006_right	right	TTTATAGCCACGGAACCTCCAAGAG	21142
r1_1.22.1029456	r1_1.22.1029456_left	left	ATAAAGATAACAGAACATTCTTGGA	21162
r1_1.22.648712	r1_1.22.648712_right	right	ATGCGAAGTGTCCCATGAGCTTATA	21198
r1_1.22.423042	r1_1.22.423042_left	left	ATGGTGGACAGCCTTTGTTACTAAT	21221
r1_1.22.1029456	r1_1.22.1029456_right	right	CAATTAAAAATGCTTCAGATGATGA	21255
r1_1.22.906171	r1_1.22.906171_left	left	TAATTATCTTGGCAAACCACGCGAA	21284
r1_1.22.423042	r1_1.22.423042_right	right	GAATTGGATTTGTATTCCTCCAAAA	21345
r1_1.22.714732	r1_1.22.714732_left	left	ACTGCTGTTATGTCTTTAAAAGAAG	21426
r1_1.22.906171	r1_1.22.906171_right	right	TTTAGTTGTTAACAAGAACATCACT	21531
r1_1.22.1087818	r1_1.22.1087818_left	left	TTCTTGTTTTATTGCCACTAGTCTC	21572
r1_1.22.714732	r1_1.22.714732_right	right	AAACTTTGTCAGGGTAATAAACACC	21664
r1_1.23.127614	r1_1.23.127614_left	left	TTTCTTTTCCAATGTTACTTGGTTC	21732
r1_1.22.1087818	r1_1.22.1087818_right	right	CATCATTAAATGGTAGGACAGGGTT	21802
r1_1.23.86525	r1_1.23.86525_left	left	TGATGGTGTTTATTTTGCTTCCACT	21822
r1_1.23.127614	r1_1.23.127614_right	right	GGTAATAAACACCCAAAAATGGATC	21973
r1_1.23.335026	r1_1.23.335026_left	left	AAAAACAACAAAAGTTGGATGGAAA	22000
r1_1.23.86525	r1_1.23.86525_right	right	GGCTGAGAGACATATTCAAAAGTGC	22058
r1_1.23.934154	r1_1.23.934154_left	left	TCTCAGCCTTTTCTTATGGACCTTG	22075
r1_1.23.335026	r1_1.23.335026_right	right	CCTGAGGGAGATCACGCACTAAATT	22192
r1_1.23.1186794	r1_1.23.1186794_left	left	TTCGGCTTTAGAACCATTGGTAGAT	22221
r1_1.23.934154	r1_1.23.934154_right	right	CCAGCTGTCCAACCTGAAGAAGAAT	22319
r1_1.23.776338	r1_1.23.776338_left	left	GTGCTGCAGCTTATTATGTGGGTTA	22343
r1_1.23.1186794	r1_1.23.1186794_right	right	CAACGTACACTTTGTTTCTGAGAGA	22446
r1_1.23.474025	r1_1.23.474025_left	left	TGAAATCCTTCACTGTAGAAAAAGG	22469
r1_1.23.776338	r1_1.23.776338_right	right	TGCAAATCTGGTGGCGTTAAAAACT	22581
r1_1.23.179592	r1_1.23.179592_left	left	GATTTGCATCTGTTTATGCTTGGAA	22598
r1_1.23.474025	r1_1.23.474025_right	right	GACACTCCATAACACTTAAAAGTGG	22685
r1_1.23.281209	r1_1.23.281209_left	left	AGAGGTGATGAAGTCAGACAAATCG	22768
r1_1.23.179592	r1_1.23.179592_right	right	CGCAGCCTGTAAAATCATCTGGTAA	22834
r1_1.24.908700	r1_1.24.908700_left	left	AGGCTGCGTTATAGCTTGGAATTCT	22851
r1_1.23.281209	r1_1.23.281209_right	right	CTACCGGCCTGATAGATTTCAGTTG	22967
r1_1.24.626090	r1_1.24.626090_left	left	GGCCGGTAGCACACCTTGTAATGGT	22983
r1_1.24.908700	r1_1.24.908700_right	right	CCAACACCATTAGTGGGTTGGAAAC	23048
r1_1.24.942468	r1_1.24.942468_left	left	TGGTGTTGGTTACCAACCATACAGA	23064
r1_1.24.626090	r1_1.24.626090_right	right	GGAAAGGCAGAAACTTTTTGTTAGA	23224
r1_1.24.724995	r1_1.24.724995_left	left	TTTCCAACAATTTGGCAGAGACATT	23244
r1_1.24.942468	r1_1.24.942468_right	right	GAATCTCAAGTGTCTGTGGATCACG	23290
r1_1.24.1247492	r1_1.24.1247492_left	left	GATTCTTGACATTACACCATGTTCT	23310
r1_1.24.724995	r1_1.24.724995_right	right	AAACACGCCAAGTAGGAGTAAGTTG	23443
r1_1.24.1299670	r1_1.24.1299670_left	left	CGTGTTTATTCTACAGGTTCTAATG	23461
r1_1.24.1247492	r1_1.24.1247492_right	right	CACCAATGGGTATGTCACACTCATA	23539
r1_1.24.394902	r1_1.24.394902_left	left	CCATTGGTGCAGGTATATGCGCTAG	23555
r1_1.24.1299670	r1_1.24.1299670_right	right	TCTGCACCAAGTGACATAGTGTAGG	23642
r1_1.24.1444825	r1_1.24.1444825_left	left	TGGTGCAGAAAATTCAGTTGCTTAC	23658
r1_1.24.394902	r1_1.24.394902_right	right	CACTGGTAGAATTTCTGTGGTAACA	23724
r1_1.25.238200	r1_1.25.238200_left	left	ACCAGTGTCTATGACCAAGACATCA	23742
r1_1.24.1444825	r1_1.24.1444825_right	right	TTTGACTTGTGCAAAAACTTCTTGG	23895
r1_1.25.388943	r1_1.25.388943_left	left	CAAACAAATTTACAAAACACCACCA	23916
r1_1.25.238200	r1_1.25.238200_right	right	TTGCTTGGTTTTGATGGATCTGGTA	23978
r1_1.25.225351	r1_1.25.225351_left	left	CAAGCAAGAGGTCATTTATTGAAGA	23996
r1_1.25.388943	r1_1.25.388943_right	right	CGTTAAACTTTTGTGCACAAATGAG	24106
r1_1.25.1650697	r1_1.25.1650697_left	left	GTTTAACGGCCTTACTGTTTTGCCA	24123
r1_1.25.225351	r1_1.25.225351_right	right	CCAGAAGTGATTGTACCCGCTAACA	24191
r1_1.25.611375	r1_1.25.611375_left	left	AATCACTTCTGGTTGGACCTTTGGT	24204
r1_1.25.1650697	r1_1.25.1650697_right	right	GGAAGAAAGTGAGTCTTGAATTTTG	24357
r1_1.25.546336	r1_1.25.546336_left	left	AAGTGCACTTGGAAAACTTCAAGAT	24387
r1_1.25.611375	r1_1.25.611375_right	right	CAAGCGTGTTTAAAGCTTGTGCATT	24424
r1_1.25.198255	r1_1.25.198255_left	left	ACACGCTTGTTAAACAACTTAGCTC	24440
r1_1.25.546336	r1_1.25.546336_right	right	AGTCACATATGTCTGCAAACTTTGA	24564
r1_1.25.1372620	r1_1.25.1372620_left	left	CTCAACAATTAATTAGAGCTGCAGA	24587
r1_1.25.198255	r1_1.25.198255_right	right	GATAGCCCTTTCCACAAAAATCAAC	24679
r1_1.25.1000367	r1_1.25.1000367_left	left	CTATCATCTTATGTCCTTCCCTCAG	24699
r1_1.25.1372620	r1_1.25.1372620_right	right	GGAAAGTGTGCTTTTCCATCATGAC	24806
r1_1.26.667712	r1_1.26.667712_left	left	CTTTCCTCGTGAAGGTGTCTTTGTT	24825
r1_1.25.1000367	r1_1.25.1000367_right	right	TGTTGTTGACAATTCCTATTACAAC	24943
r1_1.26.36177	r1_1.26.36177_left	left	ACACAGTTTATGATCCTTTGCAACC	24965
r1_1.26.667712	r1_1.26.667712_right	right	TTACAACTGAAGCATTAATGCCAGA	25069
r1_1.26.479275	r1_1.26.479275_left	left	TTCAAAAAGAAATTGACCGCCTCAA	25097
r1_1.26.36177	r1_1.26.36177_right	right	TCAAGCCAGCTATAAAACCTAGCCA	25210
r1_1.26.628976	r1_1.26.628976_left	left	CTGGCTTGATTGCCATAGTAATGGT	25226
r1_1.26.479275	r1_1.26.479275_right	right	GGCTCAGAGTCGTCTTCATCAAATT	25325
r1_1.26.781963	r1_1.26.781963_left	left	GCCAGTGCTCAAAGGAGTCAAATTA	25347
r1_1.26.628976	r1_1.26.628976_right	right	ATCGGTATCGTTGCAGTAGCGCGAA	25477
r1_1.26.386064	r1_1.26.386064_left	left	TGCAACGATACCGATACAAGCCTCA	25487
r1_1.26.781963	r1_1.26.781963_right	right	TTTTGAGGGTTATGATTTTGGAAGC	25566
r1_1.26.370427	r1_1.26.370427_left	left	CAAAAAGAGATGGCAACTAGCACTC	25586
r1_1.26.386064	r1_1.26.386064_right	right	CAACAGCAAGTTGCAAACAAAGTGA	25622
r1_1.26.1209362	r1_1.26.1209362_left	left	CTGTTGTTGTTTGTAACAGTTTACT	25641
r1_1.26.370427	r1_1.26.370427_right	right	TGGCATCATAAAGTAATGGGTTTTT	25797
r1_1.27.773551	r1_1.27.773551_left	left	CCAACTATTTTCTTTGCTGGCATAC	25819
r1_1.26.1209362	r1_1.26.1209362_right	right	CATCACCTGAAGTAATGACAATTGA	25887
r1_1.27.931264	r1_1.27.931264_left	left	GGTGATGGCACAACAAGTCCTATTT	25905
r1_1.27.773551	r1_1.27.773551_right	right	TCAACACCAGTGTCTGTACTCAATT	26044
r1_1.27.887996	r1_1.27.887996_left	left	GTTGAACATGTTACCTTCTTCATCT	26064
r1_1.27.931264	r1_1.27.931264_right	right	ACTCCGGATGAACCGTCGATTGTGT	26131
r1_1.27.1361854	r1_1.27.1361854_left	left	GTTCATCCGGAGTTGTTAATCCAGT	26143
r1_1.27.887996	r1_1.27.887996_right	right	TAACTAGCAAGAATACCACGAAAGC	26307
r1_1.27.1073732	r1_1.27.1073732_left	left	TAGTTACACTAGCCATCCTTACTGC	26326
r1_1.27.1361854	r1_1.27.1361854_right	right	GCAGCAGTACGCACACAATCGAAGC	26351
r1_1.27.793950	r1_1.27.793950_left	left	GCGTACTGCTGCAATATTGTTAACG	26364
r1_1.27.1073732	r1_1.27.1073732_right	right	TTTTAAGCTCTTCAACGGTAATAGT	26540
r1_1.27.993816	r1_1.27.993816_left	left	AAAGCTCCTTGAACAATGGAACCTA	26563
r1_1.27.793950	r1_1.27.793950_right	right	TTGTAGAAGACAAATCCATGTAAGG	26605
r1_1.27.410513	r1_1.27.410513_left	left	ACAATTTGCCTATGCCAACAGGAAT	26626
r1_1.27.993816	r1_1.27.993816_right	right	TCTGAAAGAAGCAATGAAGTAGCTG	26800
r1_1.28.1318360	r1_1.28.1318360_left	left	CTTCTTTCAGACTGTTTGCGCGTAC	26814
r1_1.27.410513	r1_1.27.410513_right	right	TTAGTTTCTGGATTGAATGACCACA	26847
r1_1.28.162880	r1_1.28.162880_left	left	AACTAACATTCTTCTCAACGTGCCA	26866
r1_1.28.1318360	r1_1.28.1318360_right	right	AATAAGAAAGCGTTCGTGATGTAGC	27032
r1_1.28.609057	r1_1.28.609057_left	left	CTTATTACAAATTGGGAGCTTCGCA	27051
r1_1.28.162880	r1_1.28.162880_right	right	CTGTAGCGACTGTATGCAGCAAAAC	27096
r1_1.28.888265	r1_1.28.888265_left	left	ACAGTCGCTACAGGATTGGCAACTA	27108
r1_1.28.609057	r1_1.28.609057_right	right	TGAAACATCTGTTGTCACTTACTGT	27184
r1_1.28.1321347	r1_1.28.1321347_left	left	CATCTCGTTGACTTTCAGGTTACTA	27207
r1_1.28.888265	r1_1.28.888265_right	right	ATTGGTTGCTCTTCATCTAATTGAG	27349
r1_1.28.126379	r1_1.28.126379_left	left	AATGGAGATTGATTAAACGAACATG	27371
r1_1.28.1321347	r1_1.28.1321347_right	right	CTGTTGTACCTCTAACACACTCTTG	27453
r1_1.28.99230	r1_1.28.99230_left	left	ACAGTACTTTTAAAAGAACCTTGCT	27474
r1_1.28.126379	r1_1.28.126379_right	right	CTGATAGACGTGTTTTACGCCGTCA	27596
r1_1.28.529924	r1_1.28.529924_left	left	ACGTCTATCAGTTACGTGCCAGATC	27610
r1_1.28.99230	r1_1.28.99230_right	right	TGTTATAAACACTATTGCCGCAACA	27701
r1_1.28.958844	r1_1.28.958844_left	left	CACTTTGCTTCACACTCAAAAGAAA	27724
r1_1.28.529924	r1_1.28.529924_right	right	GACAAGTTTCATTATGATCTTGCAG	27854
r1_1.29.1311557	r1_1.29.1311557_left	left	AACTTGTCACGCCTAAACGAACATG	27871
r1_1.28.958844	r1_1.28.958844_right	right	TGAAATGCAGCTACAGTTGTGATGA	27918
r1_1.29.791692	r1_1.29.791692_left	left	TTTCACCAAGAATGTAGTTTACAGT	27938
r1_1.29.1311557	r1_1.29.1311557_right	right	TGAATGGGTGATTTAGAACCAGCCT	28083
r1_1.29.157415	r1_1.29.157415_left	left	CACCCATTCAGTACATCGATATCGG	28098
r1_1.29.791692	r1_1.29.791692_right	right	TTCATAGAACGAACAACGCACTACA	28186
r1_1.29.212662	r1_1.29.212662_left	left	TTTTAGAGTATCATGACGTTCGTGT	28215
r1_1.29.157415	r1_1.29.157415_right	right	CATTCTGGTTACTGCCAGTTGAATC	28336
r1_1.29.497787	r1_1.29.497787_left	left	GTAACCAGAATGGAGAACGCAGTGG	28349
r1_1.29.212662	r1_1.29.212662_right	right	CGCCTTGTCCTCGAGGGAATTTAAG	28462
r1_1.29.970483	r1_1.29.970483_left	left	TCCAATTAACACCAATAGCAGTCCA	28488
r1_1.29.497787	r1_1.29.497787_right	right	CAGCTTCTGGCCCAGTTCCTAGGTA	28606
r1_1.29.794786	r1_1.29.794786_left	left	CTGGGCCAGAAGCTGGACTTCCCTA	28616
r1_1.29.970483	r1_1.29.970483_right	right	CTTGAGGAAGTTGTAGCACGATTGC	28738
r1_1.30.584838	r1_1.30.584838_left	left	ACTTCCTCAAGGAACAACATTGCCA	28752
r1_1.29.794786	r1_1.29.794786_right	right	CCCCTACTGCTGCCTGGAGTTGAAT	28859
r1_1.30.329795	r1_1.30.329795_left	left	AAATGTCTGGTAAAGGCCAACAACA	28970
r1_1.30.584838	r1_1.30.584838_right	right	GATTTCTTAGTGACAGTTTGGCCTT	28997
r1_1.30.616808	r1_1.30.616808_left	left	AGAAATCTGCTGCTGAGGCTTCTAA	29015
r1_1.30.329795	r1_1.30.329795_right	right	TGCGCGACATTCCGAAGAACGCTGA	29206
r1_1.30.789366	r1_1.30.789366_left	left	GTTCTTCGGAATGTCGCGCATTGGC	29211
r1_1.30.616808	r1_1.30.616808_right	right	GGCACCTGTGTAGGTCAACCACGTT	29256
r1_1.30.455242	r1_1.30.455242_left	left	TCAAATTGGATGACAAAGATCCAAA	29282
r1_1.30.789366	r1_1.30.789366_right	right	GAAATCATCCAAATCTGCAGCAGGA	29457
r1_1.30.1041188	r1_1.30.1041188_left	left	GATGATTTCTCCAAACAATTGCAAC	29473
r1_1.30.455242	r1_1.30.455242_right	right	CCTTGTGTGGTCTGCATGAGTTTAG	29529
r2_1.79363	r2_1.79363_left	left	AAACGTTTTCGCTTTTCCGTTTACG	29568
r1_1.30.1041188	r1_1.30.1041188_right	right	TCGTACTCCGCGTGGCCTCGGTGAA	29727
r2_1.61925	r2_1.61925_left	left	CACCGAGGCCACGCGGAGTACGATC	29729
r2_1.79363	r2_1.79363_right	right	ACACATTAGGGCTCTTCCATATAGG	29786
r2_1.61925	r2_1.61925_right	right	ATTCTCCTAAGAAGCTATTAAAATC	29842
